,bg,on,has,wearing,of,in,near,with,behind,holding,above,sitting on,wears,under,riding,in front of,standing on,at,attached to,carrying,walking on,over,belonging to,for,looking at,watching,hanging from,parked on,laying on,eating,and,covering,using,between,covered in,along,part of,lying on,on back of,to,mounted on,walking in,across,against,from,growing on,painted on,made of,playing,says,flying in
bg,1.0,0.0,0.0,0.0,0.0,0.0,0.0,0.0,0.0,0.0,0.0,0.0,0.0,0.0,0.0,0.0,0.0,0.0,0.0,0.0,0.0,0.0,0.0,0.0,0.0,0.0,0.0,0.0,0.0,0.0,0.0,0.0,0.0,0.0,0.0,0.0,0.0,0.0,0.0,0.0,0.0,0.0,0.0,0.0,0.0,0.0,0.0,0.0,0.0,0.0,0.0
on,0.0,0.7235876629381637,0.029177816966539337,0.006721010247998284,0.07712513411189223,0.02780895065914886,0.03206353512806521,0.009791710342955298,0.01562480731048408,0.007436273723932046,0.028499549877291804,0.0058577612253196045,0.0,0.012788417664539854,0.010087681436445128,0.002219783201173745,0.0006412707025613042,0.0015661803697170312,0.00027130683569901327,0.00035763173796688114,9.865703116327755e-05,0.0006782670892475332,0.0,0.0013442020495996567,0.00035763173796688114,0.0004192923824439296,0.0004562887691301587,0.0,0.0002466425779081939,3.699638668622908e-05,0.0006536028314567138,0.00046862089802556845,0.0007769241204108109,0.0003946281246531102,0.0013072056629134276,6.166064447704847e-05,0.0,0.00016031767564032604,0.0,0.0,0.0,0.00014798554674491632,0.00011098916005868726,0.00028363896459442296,0.00014798554674491632,0.0,0.0,0.00012332128895409694,0.0,9.865703116327755e-05,0.0
has,0.0,0.04424866855804981,0.7429943755908758,0.07637748245481152,0.014459210591803679,0.008934348713352015,0.012169628191724614,0.010502214922101814,0.010203573739482804,0.014359663530930676,0.04850430541037069,0.0005226220695832655,7.466029565475222e-05,0.003533920660991605,0.00032352794783725963,0.0007963764869840236,0.0001244338260912537,0.0003981882434920118,0.0001990941217460059,0.002861978000098835,0.0,0.001244338260912537,0.0,0.0007963764869840236,9.954706087300296e-05,0.00022398088696425666,0.0002986411826190089,0.0,4.977353043650148e-05,0.0007963764869840236,0.0018913941565870563,0.0001990941217460059,0.00022398088696425666,0.0005226220695832655,0.0014932059130950443,0.0,0.0,0.0,2.488676521825074e-05,0.0,0.0,0.0,7.466029565475222e-05,7.466029565475222e-05,0.0,0.0,0.0,0.0003981882434920118,0.0,0.0,0.0
wearing,0.0,0.07861990950223904,0.025958561562269007,0.7707489878540217,0.0008037628006665863,0.00702548225767831,0.02030245296498562,0.009704691593233597,0.014854727316023204,0.006698023338888218,0.04301619433197101,0.0006251488449629004,0.00035722791140737167,0.0026494403429380064,0.0002679209335555287,0.00032745891879009076,0.00044653488925921455,0.00044653488925921455,0.0005656108597283385,0.0014884496308640485,0.0,0.00398904501071565,0.0,2.976899261728097e-05,0.0004167658966419336,0.002024291497975106,5.953798523456194e-05,0.0,5.953798523456194e-05,2.976899261728097e-05,0.007233865205999276,2.976899261728097e-05,0.0002083829483209668,0.00017861395570368583,0.0,0.0,0.0,5.953798523456194e-05,0.0,0.0,0.0,0.0,0.0005060728744937765,0.0,0.00017861395570368583,0.0,0.0,8.930697785184292e-05,0.0,0.0,0.0
of,0.0,0.2858053819664644,0.027760064617596492,0.004506227947113673,0.5686349530244574,0.015091612464390131,0.01938528248947014,0.007652085193211898,0.01181822046507171,0.004803809037960803,0.04102367895249712,0.00029758109084712935,0.0,0.0043786931938934745,4.2511584406732764e-05,0.0016579517918625776,4.2511584406732764e-05,0.00017004633762693106,0.00021255792203366382,4.2511584406732764e-05,0.0,0.0008927432725413881,0.0,0.0028057645708443628,0.00021255792203366382,8.502316881346553e-05,0.0002550695064403966,0.0,0.00029758109084712935,4.2511584406732764e-05,0.0003400926752538621,8.502316881346553e-05,0.0,8.502316881346553e-05,0.0005951621816942587,8.502316881346553e-05,0.0,4.2511584406732764e-05,0.0,0.0,0.0,0.0,0.0,0.0005951621816942587,4.2511584406732764e-05,0.0,8.502316881346553e-05,0.0001275347532201983,0.0,0.0,0.0
in,0.0,0.2549830547416537,0.030271698546711315,0.14917571371121305,0.01223505083576757,0.35395485093896606,0.06249640990288787,0.009592739387667531,0.04371302200008977,0.009420414728008834,0.031018438738565673,0.008845999195813173,0.0,0.006376012407371833,0.005284622896200078,0.005801596875176171,0.002872077660978303,0.0013211557240500194,5.7441553219566065e-05,0.00022976621287826426,0.0,0.0014360388304891516,0.0,0.000976506404732623,0.00034464931931739635,0.0010913895111717552,0.0006892986386347927,0.0,0.00011488310643913213,0.0004020908725369624,0.0016658050433674158,0.00017232465965869817,0.0,0.0013785972772695854,0.001780688149806548,5.7441553219566065e-05,0.0,0.00011488310643913213,0.0,0.00011488310643913213,0.0,0.00022976621287826426,0.00034464931931739635,0.0002872077660978303,0.0002872077660978303,0.0004595324257565285,0.0,0.00034464931931739635,0.0,5.7441553219566065e-05,0.0
near,0.0,0.22458365270697192,0.02494599679463107,0.006062295310427104,0.010034143962086241,0.04557173716114168,0.3759319908017727,0.012821406173776863,0.16605114626146883,0.017559751933650922,0.04083339140126762,0.0017420388823066394,0.00013936311058453113,0.013100132394945927,0.006131976865719369,0.018117204375989047,0.0024388544352292947,0.008849557522117727,0.000975541774091718,0.0014633126611375768,6.968155529226556e-05,0.0027872622116906225,0.0,0.00724688175039562,0.0021601282140602325,0.0012542679952607801,0.000975541774091718,0.0,0.00013936311058453113,0.002090446658767967,0.0011845864399685146,0.0006271339976303901,0.000487770887045859,0.0008361786635071869,0.0006271339976303901,0.0006968155529226556,0.0,0.0,0.0,0.0,0.0,6.968155529226556e-05,6.968155529226556e-05,0.0003484077764613278,0.0005574524423381245,0.0,0.0,0.00027872622116906226,0.00013936311058453113,0.0,0.0
with,0.0,0.11114596403166964,0.38498536177291404,0.11219155165191114,0.03251777498951012,0.021120869928877958,0.06304893350056143,0.08479715600158427,0.024884985361747294,0.06074864073603016,0.04035968214132124,0.0008364700961931864,0.0,0.0216436637389987,0.0048097030531108215,0.0019866164784588178,0.0013592639063139279,0.0001045587620241483,0.0,0.008992053534076753,0.0,0.0030322040987003007,0.0,0.0049142618151349704,0.0006273525721448898,0.0023002927645312627,0.0001045587620241483,0.0,0.0001045587620241483,0.0023002927645312627,0.0032413216227485967,0.0002091175240482966,0.0023002927645312627,0.0007319113341690381,0.0033458803847727456,0.0,0.0,0.0001045587620241483,0.0,0.0,0.0,0.0,0.0,0.0,0.0,0.0,0.0,0.0011501463822656314,0.0,0.0,0.0
behind,0.0,0.06512077294679698,0.024541062801908656,0.007342995169075031,0.009468599033807276,0.028599033816397487,0.14444444444430488,0.006956521739123713,0.6015458937192255,0.011207729468588203,0.051304347826037384,0.0012560386473417814,9.661835748782935e-05,0.011884057971003009,0.004734299516903638,0.010628019323661229,0.0006763285024148054,0.0039613526570010035,0.0001932367149756587,0.00048309178743914677,0.0,0.0031884057970983683,0.0,0.0020289855072444163,0.0013526570048296108,0.0021256038647322457,0.0003864734299513174,0.0,0.0,0.0012560386473417814,0.0008695652173904641,0.0005797101449269761,0.0001932367149756587,0.0010628019323661228,0.0008695652173904641,0.0,0.0,0.0,0.0,0.0,0.0,9.661835748782935e-05,0.0001932367149756587,0.0,0.0006763285024148054,0.00028985507246348806,0.0,0.0001932367149756587,9.661835748782935e-05,9.661835748782935e-05,0.0
holding,0.0,0.11463870133585026,0.03950581812952233,0.05703203562698315,0.013216491883331107,0.012210889240034176,0.04008044821140629,0.026002011205249243,0.0251400660824233,0.5150122108885002,0.05617009050415721,0.0007182876023549515,0.0,0.022266915673003495,0.00459704065507169,0.0008619451228259417,0.0008619451228259417,0.002011205286593864,0.0001436575204709903,0.02916247665561103,0.0,0.0050280132164846605,0.0,0.001005602643296932,0.002298520327535845,0.002011205286593864,0.0001436575204709903,0.0,0.0,0.01838816262028676,0.00488435569601367,0.00043097256141297086,0.00488435569601367,0.0008619451228259417,0.0001436575204709903,0.0,0.0,0.0,0.0,0.0,0.0,0.0001436575204709903,0.0001436575204709903,0.0,0.0,0.0,0.0,0.0,0.0,0.0,0.0
above,0.0,0.5833671399582487,0.036308316429946634,0.002231237322510687,0.017241379310309855,0.04137931034474365,0.06004056795119667,0.013995943204839765,0.044827586206805624,0.004462474645021374,0.1373225152127032,0.001217038539551284,0.00020283975659188063,0.02738336713990389,0.005273833671388897,0.002231237322510687,0.00020283975659188063,0.000608519269775642,0.0010141987829594033,0.00020283975659188063,0.0,0.013387423935064122,0.0,0.001217038539551284,0.0,0.00040567951318376126,0.00020283975659188063,0.0,0.00040567951318376126,0.00020283975659188063,0.00040567951318376126,0.0020283975659188065,0.0,0.00040567951318376126,0.0010141987829594033,0.0,0.0,0.00040567951318376126,0.0,0.0,0.0,0.0,0.00020283975659188063,0.0,0.00020283975659188063,0.0,0.0,0.0,0.0,0.0,0.0
sitting on,0.0,0.4088482074741702,0.0175438596490782,0.013729977116669895,0.005593694380865513,0.08670226290341546,0.05568268497316124,0.01652682430710265,0.05491990846667958,0.009407576913273819,0.024663107042907036,0.23849478769326599,0.0,0.014238494787657673,0.020849224510498733,0.003559623696914418,0.0058479532163594,0.013475718281176007,0.0,0.001779811848457209,0.0,0.00025425883549388696,0.0,0.0007627765064816609,0.0015255530129633218,0.0015255530129633218,0.0005085176709877739,0.0,0.0005085176709877739,0.00025425883549388696,0.0005085176709877739,0.0005085176709877739,0.00025425883549388696,0.00025425883549388696,0.0005085176709877739,0.0,0.0,0.0,0.0,0.0,0.0,0.00025425883549388696,0.0,0.0,0.00025425883549388696,0.0,0.0,0.0,0.0,0.00025425883549388696,0.0
wears,0.0,0.07093946863853481,0.03314160503962437,0.7732128184037984,0.001095590249243781,0.006847439057773631,0.020268419611009943,0.012051492741681592,0.0115036976170597,0.008216926869328357,0.04135853190895273,0.0008216926869328355,0.001643385373865671,0.001643385373865671,0.0,0.0008216926869328355,0.00027389756231094525,0.0,0.0005477951246218905,0.0008216926869328355,0.0,0.003012873185420398,0.0,0.0,0.0,0.003012873185420398,0.0,0.0,0.0,0.0,0.007395234182395521,0.0,0.00027389756231094525,0.00027389756231094525,0.0,0.0,0.0,0.0,0.0,0.0,0.0,0.0,0.0005477951246218905,0.0,0.00027389756231094525,0.0,0.0,0.0,0.0,0.0,0.0
under,0.0,0.19236091890342555,0.04871298090216243,0.003598117907546089,0.037088292277782764,0.022972598948178876,0.1024079712147733,0.03957929698300698,0.05673955161899603,0.07417658455556553,0.06448934403524913,0.0005535566011609368,0.0002767783005804684,0.29559922501994024,0.0,0.009687240520316394,0.0002767783005804684,0.0011071132023218735,0.0008303349017414051,0.0011071132023218735,0.0,0.003598117907546089,0.0,0.0323830611679148,0.0013838915029023419,0.0,0.0008303349017414051,0.0,0.0005535566011609368,0.0005535566011609368,0.003598117907546089,0.0,0.0,0.0016606698034828103,0.0005535566011609368,0.0,0.0,0.0,0.0,0.0,0.0,0.0,0.0005535566011609368,0.0002767783005804684,0.002214226404643747,0.0,0.0,0.0,0.0,0.0002767783005804684,0.0
riding,0.0,0.4132492113550184,0.014721345951578264,0.005608131791077434,0.011566771819097208,0.022082018927367397,0.062390466175736445,0.007360672975789132,0.0389064143005997,0.0063091482649621135,0.018226428321001662,0.00035050823694233964,0.0,0.00981423063438551,0.37644584647607277,0.003505082369423396,0.0038555906063657357,0.0,0.0,0.0024535576585963774,0.0,0.0,0.0,0.0,0.0,0.0021030494216540377,0.0,0.0,0.0,0.0,0.0,0.0,0.0,0.00035050823694233964,0.0,0.0,0.0,0.0007010164738846793,0.0,0.0,0.0,0.0,0.0,0.0,0.0,0.0,0.0,0.0,0.0,0.0,0.0
in front of,0.0,0.1732154551402318,0.02750491159126554,0.003274394237055421,0.011460379829693975,0.04322200392913156,0.29633267845351563,0.011787819253399516,0.18172888015657587,0.009495743287460721,0.05042567125065349,0.002619515389644337,0.0,0.01375245579563277,0.003274394237055421,0.13261296660074456,0.0013097576948221685,0.005566470202994217,0.0006548788474110842,0.0009823182711166264,0.0,0.0036018336607609638,0.0,0.016044531761571564,0.0006548788474110842,0.0006548788474110842,0.0013097576948221685,0.0,0.0,0.002292075965938795,0.0,0.0006548788474110842,0.0019646365422332527,0.0013097576948221685,0.0003274394237055421,0.0,0.0,0.0,0.0,0.0,0.0,0.0,0.0003274394237055421,0.0006548788474110842,0.0006548788474110842,0.0,0.0,0.0003274394237055421,0.0,0.0,0.0
standing on,0.0,0.6317708333300429,0.017187499999910483,0.014062499999926759,0.0010416666666612413,0.1536458333325331,0.06249999999967448,0.010416666666612416,0.025520833333200415,0.00781249999995931,0.024999999999869793,0.005729166666636826,0.0,0.004166666666644965,0.005729166666636826,0.005208333333306208,0.01666666666657986,0.0036458333333143442,0.0,0.0,0.003124999999983724,0.0,0.0,0.0,0.0010416666666612413,0.0010416666666612413,0.0,0.0,0.0,0.0010416666666612413,0.0,0.0,0.0,0.0,0.0010416666666612413,0.0,0.0,0.0005208333333306207,0.0,0.0010416666666612413,0.0,0.0005208333333306207,0.0,0.0,0.0005208333333306207,0.0,0.0,0.0,0.0,0.0,0.0
at,0.0,0.2746268656695924,0.011940298507373581,0.0022388059701325463,0.003731343283554244,0.03432835820869905,0.19925373134179666,0.008208955223819337,0.02611940298487971,0.023134328358036315,0.027611940298301406,0.005223880596975942,0.0,0.0059701492536867904,0.0022388059701325463,0.0014925373134216976,0.0007462686567108488,0.36268656716147246,0.0007462686567108488,0.0014925373134216976,0.0,0.0007462686567108488,0.0,0.0,0.0,0.0007462686567108488,0.0007462686567108488,0.0,0.0,0.0029850746268433952,0.0,0.0,0.0007462686567108488,0.0007462686567108488,0.0014925373134216976,0.0,0.0,0.0,0.0,0.0,0.0,0.0,0.0,0.0,0.0,0.0,0.0,0.0,0.0,0.0,0.0
attached to,0.0,0.6513002363989208,0.04373522458577145,0.0,0.12056737588509968,0.009456264775301936,0.049645390070335166,0.007092198581476451,0.017730496453691128,0.015366430259865645,0.031914893616644034,0.0,0.0,0.007092198581476451,0.0,0.0,0.0,0.0,0.031914893616644034,0.0,0.0,0.008274231678389194,0.0,0.002364066193825484,0.0,0.0,0.001182033096912742,0.0,0.0,0.0,0.001182033096912742,0.0,0.0,0.001182033096912742,0.0,0.0,0.0,0.0,0.0,0.0,0.0,0.0,0.0,0.0,0.0,0.0,0.0,0.0,0.0,0.0,0.0
carrying,0.0,0.25318940137141127,0.008832188419932952,0.02453385672203598,0.000981354268881439,0.01079489695769583,0.04416094209966476,0.011776251226577267,0.02158979391539166,0.2306182531871382,0.023552502453154534,0.0,0.0,0.02060843964651022,0.003925417075525756,0.001962708537762878,0.0068694798821700735,0.0,0.0,0.31501472031094196,0.0,0.000981354268881439,0.0,0.000981354268881439,0.0,0.0058881256132886335,0.0,0.0,0.0,0.003925417075525756,0.0068694798821700735,0.0,0.0,0.0,0.0,0.0,0.0,0.0,0.0,0.0,0.0,0.0,0.0,0.0,0.0029440628066443168,0.0,0.0,0.0,0.0,0.0,0.0
walking on,0.0,0.8405650857634656,0.0030272452068312084,0.0030272452068312084,0.0,0.04036326942441612,0.019172552976597652,0.0020181634712208058,0.011099899091714431,0.0020181634712208058,0.044399596366857724,0.009081735620493626,0.0,0.008072653884883223,0.0,0.0020181634712208058,0.0030272452068312084,0.0010090817356104029,0.0,0.0010090817356104029,0.0070635721492728195,0.0,0.0,0.0,0.0,0.0,0.0,0.0,0.0,0.0010090817356104029,0.0,0.0,0.0,0.0,0.0,0.0,0.0,0.0010090817356104029,0.0,0.0,0.0,0.0010090817356104029,0.0,0.0,0.0,0.0,0.0,0.0,0.0,0.0,0.0
over,0.0,0.3189655172383241,0.04885057471217577,0.0038314176244843732,0.009578544061210935,0.041187739463207015,0.09482758620598825,0.0038314176244843732,0.07662835248968748,0.01340996168569531,0.1752873563201601,0.0038314176244843732,0.0,0.018199233716300774,0.00287356321836328,0.00574712643672656,0.0,0.0019157088122421866,0.0,0.0,0.0,0.16379310344670694,0.0,0.0009578544061210933,0.0,0.0,0.0,0.0,0.0,0.0,0.00574712643672656,0.0009578544061210933,0.0,0.0019157088122421866,0.0019157088122421866,0.004789272030605468,0.0,0.0,0.0,0.0,0.0,0.0,0.0,0.0009578544061210933,0.0,0.0,0.0,0.0,0.0,0.0,0.0
belonging to,0.0,0.23818525519398512,0.024574669186681008,0.02835538752309347,0.5708884687982819,0.009451795841031157,0.015122873345649853,0.0,0.015122873345649853,0.01323251417744362,0.07372400756004302,0.0,0.0,0.0,0.0,0.0018903591682062316,0.0,0.0,0.0,0.0,0.0,0.003780718336412463,0.0018903591682062316,0.0,0.0,0.0,0.0,0.0,0.0,0.0,0.0,0.0,0.0,0.0,0.0,0.0,0.0,0.0,0.0,0.0,0.0,0.0,0.0,0.003780718336412463,0.0,0.0,0.0,0.0,0.0,0.0,0.0
for,0.0,0.3006802721047526,0.07074829931876533,0.0,0.05714285714207969,0.021768707482697023,0.03945578231238835,0.04217687074772549,0.08027210884244526,0.06122448979508538,0.05578231292441113,0.0,0.0,0.031292517006376974,0.0,0.016326530612022768,0.0,0.002721088435337128,0.004081632653005692,0.0,0.0,0.004081632653005692,0.0,0.2068027210856217,0.0,0.0,0.0,0.0,0.0,0.002721088435337128,0.0,0.0,0.0,0.0,0.0,0.0,0.0,0.0,0.0,0.0,0.0,0.0,0.001360544217668564,0.0,0.001360544217668564,0.0,0.0,0.0,0.0,0.0,0.0
looking at,0.0,0.15990990990810913,0.05855855855789911,0.016891891891701667,0.014639639639474778,0.041666666666197456,0.1644144144125629,0.01238738738724789,0.06418918918846633,0.15540540540365536,0.07545045044960079,0.003378378378340334,0.0,0.004504504504453778,0.03265765765728989,0.007882882882794111,0.0,0.01238738738724789,0.0,0.01238738738724789,0.0,0.0,0.0,0.0011261261261134444,0.07432432432348733,0.021396396396155447,0.0,0.0,0.0,0.02477477477449578,0.0,0.0,0.03378378378340333,0.002252252252226889,0.0,0.0,0.0,0.0,0.0,0.0,0.0,0.003378378378340334,0.0,0.0,0.0,0.002252252252226889,0.0,0.0,0.0,0.0,0.0
watching,0.0,0.16024096385349107,0.01204819277093918,0.04819277108375672,0.018072289156408766,0.01686746987931485,0.17108433734733633,0.056626506023414146,0.1554216867451154,0.09156626505913776,0.031325301204441866,0.0,0.0,0.008433734939657425,0.07108433734854115,0.0036144578312817537,0.007228915662563507,0.001204819277093918,0.0,0.004819277108375672,0.0,0.001204819277093918,0.0,0.0036144578312817537,0.021686746987690516,0.10843373493845261,0.0,0.0,0.0,0.001204819277093918,0.002409638554187836,0.0,0.0,0.002409638554187836,0.0,0.0,0.0,0.001204819277093918,0.0,0.0,0.0,0.0,0.0,0.0,0.0,0.0,0.0,0.0,0.0,0.0,0.0
hanging from,0.0,0.6910229644949681,0.031315240082853545,0.0,0.008350730688760945,0.020876826721902365,0.0521920668047559,0.0,0.008350730688760945,0.004175365344380472,0.05636743214913638,0.0,0.0,0.012526096033141415,0.002087682672190236,0.008350730688760945,0.0,0.0,0.004175365344380472,0.0,0.0,0.0,0.0,0.008350730688760945,0.0,0.0,0.08768267223198992,0.0,0.0,0.0,0.0,0.0,0.0,0.0,0.0,0.0,0.0,0.0,0.0,0.0,0.0,0.0,0.0,0.004175365344380472,0.0,0.0,0.0,0.0,0.0,0.0,0.0
parked on,0.0,0.7788104089074569,0.020446096653895053,0.0,0.0037174721188900097,0.005576208178335015,0.1152416356855903,0.02416356877278507,0.02230483271334006,0.0,0.005576208178335015,0.0,0.0,0.007434944237780019,0.0,0.009293680297225024,0.0,0.0,0.0,0.0018587360594450048,0.0,0.0,0.0,0.0018587360594450048,0.0,0.0,0.0,0.0,0.0,0.0,0.0,0.0,0.0,0.0,0.0037174721188900097,0.0,0.0,0.0,0.0,0.0,0.0,0.0,0.0,0.0,0.0,0.0,0.0,0.0,0.0,0.0,0.0
laying on,0.0,0.6390423572626327,0.02025782688728807,0.005524861878351292,0.011049723756702583,0.044198895026810334,0.04972375690516163,0.011049723756702583,0.034990791896224845,0.011049723756702583,0.0681399631663326,0.029465930017873555,0.0,0.022099447513405167,0.0,0.005524861878351292,0.0018416206261170972,0.0018416206261170972,0.0018416206261170972,0.005524861878351292,0.0,0.0,0.0,0.0,0.0,0.0,0.0,0.0,0.03314917127010775,0.0,0.0,0.0,0.0,0.0,0.0,0.0,0.0,0.0036832412522341943,0.0,0.0,0.0,0.0,0.0,0.0,0.0,0.0,0.0,0.0,0.0,0.0,0.0
eating,0.0,0.0380047505929215,0.03087885985674872,0.0047505938241151876,0.0,0.035629453680863905,0.10688836104259172,0.0023752969120575938,0.007125890736172782,0.19952494061283788,0.06413301662555504,0.0,0.0,0.01662707838440316,0.0,0.007125890736172782,0.0,0.026128266032633532,0.0,0.0023752969120575938,0.0,0.0,0.0,0.0,0.0,0.0,0.0,0.0,0.0,0.45605700711505803,0.0,0.0,0.0,0.0,0.0,0.0,0.0,0.0,0.0,0.0,0.0,0.0,0.0,0.0,0.0,0.0,0.0,0.0,0.0023752969120575938,0.0,0.0
and,0.0,0.11908396946383078,0.09007633587648738,0.0519083969457724,0.015267175572285997,0.04580152671685799,0.2076335877830896,0.12366412213551657,0.07786259541865859,0.07175572518974419,0.032061068701800595,0.0015267175572285998,0.0,0.022900763358428996,0.007633587786142999,0.0045801526716857995,0.0045801526716857995,0.0,0.0,0.0015267175572285998,0.0,0.007633587786142999,0.0,0.0,0.006106870228914399,0.019847328243971795,0.0,0.0,0.0,0.0,0.08854961831925878,0.0,0.0,0.0,0.0,0.0,0.0,0.0,0.0,0.0,0.0,0.0,0.0,0.0,0.0,0.0,0.0,0.0,0.0,0.0,0.0
covering,0.0,0.6038461538345414,0.09038461538287722,0.0019230769230399408,0.009615384615199705,0.053846153845118344,0.03653846153775887,0.0019230769230399408,0.02307692307647929,0.0019230769230399408,0.034615384614718935,0.0,0.0,0.007692307692159763,0.0,0.013461538461279586,0.0,0.0,0.0,0.0,0.0,0.03846153846079882,0.0,0.0,0.0,0.0,0.0,0.0,0.0,0.0019230769230399408,0.0019230769230399408,0.030769230768639053,0.0,0.0,0.04038461538383876,0.0,0.0,0.0,0.0,0.0,0.0,0.0,0.0,0.0,0.0038461538460798817,0.0,0.0,0.0038461538460798817,0.0,0.0,0.0
using,0.0,0.20325203251481702,0.10298102980750728,0.00542005420039512,0.0,0.00271002710019756,0.00813008130059268,0.00542005420039512,0.018970189701382922,0.20596205961501457,0.067750677504939,0.00271002710019756,0.0,0.013550135500987801,0.013550135500987801,0.00542005420039512,0.0,0.01084010840079024,0.0,0.00271002710019756,0.0,0.00271002710019756,0.0,0.00271002710019756,0.01084010840079024,0.00271002710019756,0.00271002710019756,0.0,0.0,0.0,0.00271002710019756,0.0,0.3062330623223243,0.0,0.0,0.0,0.0,0.0,0.0,0.0,0.0,0.0,0.0,0.0,0.0,0.0,0.0,0.0,0.0,0.0,0.0
between,0.0,0.18702290075978964,0.06297709923543937,0.007633587786113863,0.005725190839585397,0.05343511450279704,0.34160305342859537,0.04961832060974011,0.09541984732642328,0.009541984732642329,0.04007633587709778,0.0,0.0,0.01335877862569926,0.0,0.022900763358341587,0.0,0.0,0.0,0.0038167938930569315,0.0,0.0,0.0,0.011450381679170793,0.0,0.0019083969465284658,0.0,0.0,0.0019083969465284658,0.0,0.0,0.0,0.0,0.08778625954030943,0.0,0.0038167938930569315,0.0,0.0,0.0,0.0,0.0,0.0,0.0,0.0,0.0,0.0,0.0,0.0,0.0,0.0,0.0
covered in,0.0,0.3030303030241812,0.09494949494757679,0.0,0.0,0.24444444443950616,0.04242424242338536,0.004040404040322416,0.03838383838306295,0.01212121212096725,0.01212121212096725,0.002020202020161208,0.0,0.002020202020161208,0.0,0.004040404040322416,0.0,0.0,0.0,0.0,0.0,0.0,0.0,0.0,0.0,0.0,0.0,0.0,0.0,0.0,0.0,0.0,0.0,0.0,0.24040404039918375,0.0,0.0,0.0,0.0,0.0,0.0,0.0,0.0,0.0,0.0,0.0,0.0,0.0,0.0,0.0,0.0
along,0.0,0.3342318059209102,0.018867924527793317,0.0,0.0026954177896847597,0.04851752021432567,0.4797843665638872,0.0053908355793695194,0.06199460916274948,0.0,0.010781671158739039,0.0,0.0,0.0026954177896847597,0.0,0.0053908355793695194,0.0,0.0,0.0,0.0,0.0,0.0,0.0,0.0026954177896847597,0.0,0.0,0.0,0.0,0.0,0.0,0.0,0.0,0.0,0.0,0.0026954177896847597,0.024258760107162835,0.0,0.0,0.0,0.0,0.0,0.0,0.0,0.0,0.0,0.0,0.0,0.0,0.0,0.0,0.0
part of,0.0,0.34210526314789164,0.02923976608101638,0.008771929824304914,0.4473684210395506,0.01461988304050819,0.04385964912152457,0.0029239766081016385,0.008771929824304914,0.005847953216203277,0.07017543859443931,0.0,0.0,0.0,0.0,0.0,0.0,0.0,0.0,0.0,0.0,0.005847953216203277,0.0,0.0029239766081016385,0.0,0.0,0.008771929824304914,0.0,0.0,0.0029239766081016385,0.0029239766081016385,0.0,0.0,0.0029239766081016385,0.0,0.0,0.0,0.0,0.0,0.0,0.0,0.0,0.0,0.0,0.0,0.0,0.0,0.0,0.0,0.0,0.0
lying on,0.0,0.5652173912854442,0.0434782608681111,0.02006688963143589,0.016722408026196574,0.0434782608681111,0.07692307692050425,0.016722408026196574,0.05016722407858972,0.03344481605239315,0.03344481605239315,0.030100334447153834,0.0,0.04013377926287178,0.0,0.0,0.0,0.003344481605239315,0.0,0.003344481605239315,0.0,0.0,0.0,0.0,0.0,0.0,0.0,0.0,0.01337792642095726,0.0,0.0,0.0,0.0,0.0,0.0,0.0,0.0,0.00668896321047863,0.0,0.0,0.0,0.0,0.0,0.0,0.0,0.0,0.0,0.0,0.0,0.003344481605239315,0.0
on back of,0.0,0.7372881355619793,0.004237288135413674,0.004237288135413674,0.09322033897910083,0.03389830508330939,0.03389830508330939,0.0,0.025423728812482047,0.0,0.05084745762496409,0.0,0.0,0.004237288135413674,0.0,0.0,0.0,0.0,0.0,0.0,0.0,0.0,0.0,0.0,0.0,0.0,0.0,0.0,0.0,0.0,0.0,0.0,0.0,0.0,0.0,0.0,0.004237288135413674,0.0,0.008474576270827348,0.0,0.0,0.0,0.0,0.0,0.0,0.0,0.0,0.0,0.0,0.0,0.0
to,0.0,0.5737051792600117,0.039840637448611924,0.04382470119347312,0.0517928286831955,0.08764940238694624,0.04780876493833431,0.011952191234583577,0.035856573703750734,0.003984063744861192,0.027888446214028348,0.0,0.0,0.023904382469167155,0.0,0.01593625497944477,0.0,0.0,0.0,0.0,0.0,0.003984063744861192,0.0,0.003984063744861192,0.0,0.0,0.0,0.0,0.0,0.0,0.0,0.0,0.0,0.0,0.0,0.0,0.0,0.0,0.0,0.027888446214028348,0.0,0.0,0.0,0.0,0.0,0.0,0.0,0.0,0.0,0.0,0.0
mounted on,0.0,0.8897637794574991,0.0,0.0,0.03149606298964598,0.0,0.007874015747411495,0.0,0.01574803149482299,0.0,0.01574803149482299,0.0,0.0,0.03149606298964598,0.007874015747411495,0.0,0.0,0.0,0.0,0.0,0.0,0.0,0.0,0.0,0.0,0.0,0.0,0.0,0.0,0.0,0.0,0.0,0.0,0.0,0.0,0.0,0.0,0.0,0.0,0.0,0.0,0.0,0.0,0.0,0.0,0.0,0.0,0.0,0.0,0.0,0.0
walking in,0.0,0.5810276679612242,0.0,0.06719367588667219,0.0,0.1699604743015826,0.0513833992074552,0.0,0.0,0.0,0.04743083003765095,0.003952569169804247,0.0,0.0,0.0,0.0,0.0,0.015810276679216986,0.0,0.003952569169804247,0.0,0.0,0.0,0.0,0.0,0.0,0.0,0.0,0.0,0.0,0.0,0.0,0.0,0.0,0.0,0.0,0.0,0.0,0.0,0.0,0.0,0.059288537547063695,0.0,0.0,0.0,0.0,0.0,0.0,0.0,0.0,0.0
across,0.0,0.4035087719121268,0.008771929824176669,0.0,0.0043859649120883346,0.030701754384618342,0.34649122805497845,0.0,0.09210526315385505,0.017543859648353338,0.052631578945060015,0.0,0.0,0.0043859649120883346,0.0,0.0,0.0,0.0043859649120883346,0.0,0.0,0.0,0.0,0.0,0.0,0.0,0.0,0.0,0.0,0.0,0.0,0.0,0.0,0.0,0.0,0.0043859649120883346,0.0,0.0,0.0,0.0,0.0,0.0,0.0,0.030701754384618342,0.0,0.0,0.0,0.0,0.0,0.0,0.0,0.0
against,0.0,0.2111801242104857,0.018633540371513442,0.0,0.018633540371513442,0.10559006210524285,0.24844720495351258,0.006211180123837814,0.07453416148605377,0.018633540371513442,0.0434782608668647,0.0,0.0,0.0,0.0,0.09937888198140503,0.0,0.0,0.0,0.0,0.0,0.012422360247675629,0.0,0.006211180123837814,0.0,0.0,0.018633540371513442,0.0,0.0,0.0,0.0,0.0,0.0,0.0,0.0,0.0,0.0,0.0,0.0,0.0,0.0,0.0,0.0,0.11801242235291848,0.0,0.0,0.0,0.0,0.0,0.0,0.0
from,0.0,0.3584905660208259,0.07547169810964756,0.0,0.042452830186676754,0.07547169810964756,0.1367924528237362,0.028301886791117833,0.06132075471408864,0.004716981131852972,0.08018867924150053,0.0,0.0,0.042452830186676754,0.0,0.0,0.0,0.004716981131852972,0.0,0.0,0.0,0.0,0.0,0.0,0.0,0.0,0.0,0.0,0.0,0.0,0.0,0.0,0.0,0.0,0.0,0.0,0.0,0.0,0.0,0.0,0.0,0.0,0.0,0.0,0.08962264150520648,0.0,0.0,0.0,0.0,0.0,0.0
growing on,0.0,0.6422018348034677,0.05504587155458295,0.0,0.0,0.09174311925763826,0.10091743118340207,0.0,0.04587155962881913,0.0,0.027522935777291476,0.0,0.0,0.0,0.0,0.027522935777291476,0.0,0.0,0.0,0.0,0.0,0.0,0.0,0.0,0.0,0.0,0.0,0.0,0.0,0.0,0.0,0.0,0.0,0.0,0.0,0.0,0.0,0.0,0.0,0.0,0.0,0.0,0.0,0.0,0.0,0.009174311925763826,0.0,0.0,0.0,0.0,0.0
painted on,0.0,0.6896551723543403,0.017241379308858502,0.0,0.0,0.06896551723543401,0.025862068963287754,0.008620689654429251,0.008620689654429251,0.017241379308858502,0.05172413792657551,0.0,0.0,0.0,0.0,0.025862068963287754,0.0,0.0,0.0,0.0,0.0,0.0,0.0,0.0,0.0,0.0,0.0,0.0,0.0,0.0,0.0,0.0,0.0,0.0,0.0,0.0,0.0,0.0,0.0,0.0,0.0,0.0,0.0,0.0,0.0,0.0,0.08620689654429253,0.0,0.0,0.0,0.0
made of,0.0,0.1999999999777778,0.24444444441728397,0.044444444439506174,0.0,0.044444444439506174,0.05555555554938272,0.044444444439506174,0.06666666665925926,0.0,0.03333333332962963,0.0,0.0,0.022222222219753087,0.0,0.0,0.0,0.0,0.0,0.0,0.0,0.0,0.0,0.0,0.0,0.0,0.0,0.0,0.0,0.011111111109876544,0.0,0.0,0.0,0.0,0.0,0.0,0.0,0.0,0.0,0.0,0.0,0.0,0.0,0.0,0.0,0.0,0.0,0.23333333330740744,0.0,0.0,0.0
playing,0.0,0.12751677851493176,0.0,0.04697986576865907,0.0,0.08053691274627268,0.12080536911940903,0.08724832214179541,0.1342281879104545,0.1409395973059772,0.03355704697761362,0.026845637582090895,0.0,0.013422818791045447,0.0,0.0,0.0,0.0,0.0,0.0,0.0,0.0,0.0,0.0,0.03355704697761362,0.1140939597238863,0.0,0.0,0.0,0.006711409395522724,0.013422818791045447,0.0,0.006711409395522724,0.0,0.0,0.0,0.0,0.0,0.0,0.0,0.0,0.0,0.0,0.0,0.0,0.0,0.0,0.0,0.013422818791045447,0.0,0.0
says,0.0,0.1739130434026465,0.3913043476559546,0.04347826085066162,0.0,0.0,0.04347826085066162,0.0,0.08695652170132324,0.0,0.08695652170132324,0.0,0.0,0.04347826085066162,0.0,0.0,0.0,0.0,0.0,0.0,0.0,0.0,0.0,0.0,0.0,0.0,0.0,0.0,0.0,0.0,0.04347826085066162,0.0,0.0,0.0,0.0,0.0,0.0,0.0,0.0,0.0,0.0,0.0,0.0,0.0,0.0,0.0,0.0,0.0,0.0,0.08695652170132324,0.0
flying in,0.0,0.0,0.0,0.0,0.0,0.0,0.0,0.0,0.0,0.0,0.0,0.0,0.0,0.0,0.0,0.0,0.0,0.0,0.0,0.0,0.0,0.0,0.0,0.0,0.0,0.0,0.0,0.0,0.0,0.0,0.0,0.0,0.0,0.0,0.0,0.0,0.0,0.0,0.0,0.0,0.0,0.0,0.0,0.0,0.0,0.0,0.0,0.0,0.0,0.0,0.0
